year,week,region,factory,sucrose content,Cane Deliveries (tonnes),Crop Area (hectares),Crop Yield (tonnes/ha),Production Quantity (tonnes),Production Value (KSh million),variety
2024,32,Kisumu,Chemelil,14.88,1865,865,71.76,1865,9.7,CO 617
2024,33,Busia,Busia,10.44,1650,590,39.07,1650,8.58,CO 421
2024,34,Kakamega,Butali,15.67,9790,754,82.47,9790,50.91,N14
2024,35,Kisumu,Kibos,11.66,7315,321,56.7,7315,38.04,N14
2024,36,Narok,Kwale,14.69,638,101,69.81,638,3.32,CO 421
2024,37,Kisumu,Muhoroni,14.94,1705,715,37.11,1705,8.87,CO 617
2024,38,Kakamega,Mumias,10.55,9515,651,87.13,9515,49.48,N14
2024,39,Trans-Nzoia,Nzoia,10.0,8068,916,30.77,8068,41.95,N14
2024,40,Narok,Olepito,10.29,1048,789,53.62,1048,5.45,N14
2024,41,Kericho,Soin,12.65,2040,904,64.6,2040,10.61,CO 421
2024,42,Migori,South-Kenya,12.6,1592,826,59.35,1592,8.28,CO 421
2024,43,Kakamega,Sukari,12.28,1804,526,75.08,1804,9.38,CO 421
2024,44,Narok,Transmara,10.0,1558,318,72.53,1558,8.1,CO 421
2024,45,Kakamega,West-Kenya,11.44,5921,350,87.83,5921,30.79,KENTAN
2024,46,Kisumu,Chemelil,13.72,1956,775,38.74,1956,10.17,CO 617
2024,47,Busia,Busia,15.36,1237,385,33.9,1237,6.43,CO 617
2024,48,Kakamega,Butali,12.71,3548,832,79.27,3548,18.45,KENTAN
2024,49,Kisumu,Kibos,15.39,4424,158,54.02,4424,23.0,KENTAN
2024,50,Narok,Kwale,13.32,614,270,31.15,614,3.19,KENTAN
2024,51,Kisumu,Muhoroni,15.41,1109,652,54.59,1109,5.77,CO 421
2024,52,Kakamega,Mumias,12.19,3764,369,89.94,3764,19.57,CO 421
2025,1,Trans-Nzoia,Nzoia,12.37,3099,389,68.04,3099,17.04,Eldoret 1
2025,2,Narok,Olepito,14.6,1076,858,61.94,1076,5.92,CO 617
2025,3,Kericho,Soin,11.4,684,476,76.03,684,3.76,CO 617
2025,4,Migori,South-Kenya,10.0,680,756,77.38,680,3.74,CO 617
2025,5,Kakamega,Sukari,14.54,333,180,65.87,333,1.83,CO 421
2025,6,Narok,Transmara,14.46,702,328,33.91,702,3.86,Eldoret 1
2025,7,Kakamega,West-Kenya,13.84,2361,1000,74.96,2361,12.99,CO 421
2025,8,Kisumu,Chemelil,14.16,433,180,61.07,433,2.38,CO 421
2025,9,Busia,Busia,14.16,811,746,74.74,811,4.46,N14
2025,10,Kakamega,Butali,14.58,3326,719,85.86,3326,18.29,CO 421
2025,11,Kisumu,Kibos,12.13,3357,393,37.89,3357,18.46,N14
2025,12,Narok,Kwale,10.0,893,928,31.91,893,4.91,CO 617
2025,13,Kisumu,Muhoroni,12.96,187,867,35.35,187,1.03,KENTAN
2025,14,Kakamega,Mumias,16.0,9506,813,68.19,9506,52.28,KENTAN
2025,15,Trans-Nzoia,Nzoia,11.34,10940,626,79.67,10940,60.17,CO 421
2025,16,Narok,Olepito,13.92,3216,288,48.04,3216,17.69,Eldoret 1
2025,17,Kericho,Soin,11.11,2813,746,74.52,2813,15.47,Eldoret 1
2025,18,Migori,South-Kenya,11.82,3032,131,52.67,3032,16.68,CO 617
2025,19,Kakamega,Sukari,11.88,2903,423,69.66,2903,15.97,CO 617
2025,20,Narok,Transmara,13.64,1808,864,33.91,1808,9.94,N14
2025,21,Kakamega,West-Kenya,11.16,6803,792,74.82,6803,37.42,N14
2025,22,Kisumu,Chemelil,12.03,1098,800,35.63,1098,6.04,CO 421
2025,23,Busia,Busia,13.28,1321,320,39.09,1321,7.27,KENTAN
2025,24,Kakamega,Butali,14.76,10363,947,74.04,10363,57.0,CO 617
2025,25,Kisumu,Kibos,11.37,5392,558,58.71,5392,29.66,KENTAN
2025,26,Narok,Kwale,14.53,2314,493,48.5,2314,12.73,Eldoret 1
2025,27,Kisumu,Muhoroni,10.44,2997,424,57.35,2997,16.48,KENTAN
2025,28,Kakamega,Mumias,11.19,5363,362,68.72,5363,29.5,CO 617
2025,29,Trans-Nzoia,Nzoia,10.0,2962,855,46.43,2962,16.29,CO 421
2025,30,Narok,Olepito,11.14,2913,152,39.5,2913,16.02,CO 421
2025,31,Kericho,Soin,13.85,1159,270,45.15,1159,6.37,CO 421
2025,32,Migori,South-Kenya,14.5,583,240,63.27,583,3.21,CO 617
2024,32,Kakamega,Sukari,12.11,2223,365,76.9,2223,11.56,CO 421
2024,33,Narok,Transmara,11.49,1724,543,55.43,1724,8.96,KENTAN
2024,34,Kakamega,West-Kenya,12.56,5710,874,93.02,5710,29.69,CO 617
2024,35,Kisumu,Chemelil,11.32,669,864,74.5,669,3.48,CO 421
2024,36,Busia,Busia,11.06,3050,171,51.56,3050,15.86,CO 421
2024,37,Kakamega,Butali,15.74,8044,727,86.47,8044,41.83,CO 421
2024,38,Kisumu,Kibos,15.92,9990,794,65.3,9990,51.95,Eldoret 1
2024,39,Narok,Kwale,10.56,1644,254,61.09,1644,8.55,KENTAN
2024,40,Kisumu,Muhoroni,14.29,2520,638,79.52,2520,13.1,N14
2024,41,Kakamega,Mumias,12.77,4436,811,61.42,4436,23.07,CO 421
2024,42,Trans-Nzoia,Nzoia,10.79,4869,112,51.74,4869,25.32,KENTAN
2024,43,Narok,Olepito,10.79,2456,558,68.54,2456,12.77,CO 421
2024,44,Kericho,Soin,14.92,3096,907,76.18,3096,16.1,CO 421
2024,45,Migori,South-Kenya,10.34,728,172,36.76,728,3.79,N14
2024,46,Kakamega,Sukari,15.41,2187,878,75.3,2187,11.37,N14
2024,47,Narok,Transmara,10.0,827,466,46.04,827,4.3,CO 617
2024,48,Kakamega,West-Kenya,14.63,9831,659,94.64,9831,51.12,Eldoret 1
2024,49,Kisumu,Chemelil,11.61,589,467,58.94,589,3.06,CO 617
2024,50,Busia,Busia,13.88,501,781,48.43,501,2.61,KENTAN
2024,51,Kakamega,Butali,12.39,4928,145,81.66,4928,25.63,KENTAN
2024,52,Kisumu,Kibos,10.24,4501,926,38.61,4501,23.41,N14
2025,1,Narok,Kwale,10.0,1014,275,43.83,1014,5.58,KENTAN
2025,2,Kisumu,Muhoroni,13.29,1188,315,65.78,1188,6.53,CO 421
2025,3,Kakamega,Mumias,13.98,4967,738,94.39,4967,27.32,CO 617
2025,4,Trans-Nzoia,Nzoia,14.72,2054,569,71.41,2054,11.3,CO 421
2025,5,Narok,Olepito,13.68,901,393,70.43,901,4.96,N14
2025,6,Kericho,Soin,10.9,1063,959,37.36,1063,5.85,CO 421
2025,7,Migori,South-Kenya,11.58,333,992,61.03,333,1.83,CO 421
2025,8,Kakamega,Sukari,15.8,358,761,94.96,358,1.97,CO 617
2025,9,Narok,Transmara,13.15,1479,455,73.59,1479,8.13,CO 421
2025,10,Kakamega,West-Kenya,14.88,2331,257,78.81,2331,12.82,KENTAN
2025,11,Kisumu,Chemelil,14.31,305,940,57.26,305,1.68,CO 617
2025,12,Busia,Busia,15.44,956,422,63.6,956,5.26,N14
2025,13,Kakamega,Butali,14.79,3554,479,61.24,3554,19.55,CO 421
2025,14,Kisumu,Kibos,13.22,9934,121,51.16,9934,54.64,CO 421
2025,15,Narok,Kwale,12.7,2638,685,34.27,2638,14.51,CO 421
2025,16,Kisumu,Muhoroni,13.1,2442,153,41.47,2442,13.43,CO 421
2025,17,Kakamega,Mumias,15.7,7366,776,69.36,7366,40.51,CO 421
2025,18,Trans-Nzoia,Nzoia,10.13,5776,892,52.63,5776,31.77,CO 617
2025,19,Narok,Olepito,11.45,2193,391,42.36,2193,12.06,CO 421
2025,20,Kericho,Soin,13.52,1606,727,42.67,1606,8.83,N14
2025,21,Migori,South-Kenya,11.96,1701,720,49.11,1701,9.36,N14
2025,22,Kakamega,Sukari,14.15,784,275,84.67,784,4.31,N14
2025,23,Narok,Transmara,10.0,3296,274,63.12,3296,18.13,CO 421
2025,24,Kakamega,West-Kenya,14.48,11282,641,86.7,11282,62.05,CO 421
2025,25,Kisumu,Chemelil,15.34,2469,230,52.93,2469,13.58,CO 421
2025,26,Busia,Busia,10.46,2377,135,76.18,2377,13.07,CO 421
2025,27,Kakamega,Butali,13.84,10042,748,82.01,10042,55.23,KENTAN
2025,28,Kisumu,Kibos,12.59,3748,100,68.52,3748,20.61,CO 617
2025,29,Narok,Kwale,10.69,854,123,47.29,854,4.7,KENTAN
2025,30,Kisumu,Muhoroni,13.0,1616,260,38.55,1616,8.89,CO 421
2025,31,Kakamega,Mumias,10.92,7042,330,99.1,7042,38.73,N14
2025,32,Trans-Nzoia,Nzoia,10.38,11232,303,34.04,11232,61.78,KENTAN
2024,32,Narok,Olepito,13.48,2427,115,78.71,2427,12.62,KENTAN
2024,33,Kericho,Soin,10.0,1075,534,55.77,1075,5.59,Eldoret 1
2024,34,Migori,South-Kenya,11.53,2418,298,71.75,2418,12.57,Eldoret 1
2024,35,Kakamega,Sukari,11.14,2323,237,67.2,2323,12.08,CO 421
2024,36,Narok,Transmara,10.0,1773,435,50.7,1773,9.22,CO 421
2024,37,Kakamega,West-Kenya,14.81,8534,389,87.95,8534,44.38,N14
2024,38,Kisumu,Chemelil,15.72,1780,279,37.41,1780,9.26,CO 421
2024,39,Busia,Busia,15.93,963,840,42.12,963,5.01,CO 421
2024,40,Kakamega,Butali,12.69,8524,989,73.25,8524,44.32,CO 617
2024,41,Kisumu,Kibos,14.26,3281,421,42.86,3281,17.06,Eldoret 1
2024,42,Narok,Kwale,11.86,1373,402,60.21,1373,7.14,CO 617
2024,43,Kisumu,Muhoroni,14.69,1880,675,56.72,1880,9.78,KENTAN
2024,44,Kakamega,Mumias,13.47,7163,978,69.7,7163,37.25,CO 617
2024,45,Trans-Nzoia,Nzoia,10.0,3440,202,46.8,3440,17.89,CO 421
2024,46,Narok,Olepito,12.05,3376,142,77.23,3376,17.56,CO 617
2024,47,Kericho,Soin,14.62,1810,220,52.6,1810,9.41,CO 617
2024,48,Migori,South-Kenya,10.92,1206,623,50.94,1206,6.27,N14
2024,49,Kakamega,Sukari,10.55,232,226,83.87,232,1.21,CO 421
2024,50,Narok,Transmara,13.49,791,466,32.48,791,4.11,CO 617
2024,51,Kakamega,West-Kenya,15.4,6003,217,94.7,6003,31.22,CO 421
2024,52,Kisumu,Chemelil,15.47,1600,512,79.23,1600,8.32,N14
2025,1,Busia,Busia,13.05,1338,105,72.84,1338,7.36,CO 617
2025,2,Kakamega,Butali,12.27,4896,270,87.44,4896,26.93,CO 421
2025,3,Kisumu,Kibos,12.4,5984,628,74.88,5984,32.91,CO 617
2025,4,Narok,Kwale,10.0,584,927,38.91,584,3.21,CO 421
2025,5,Kisumu,Muhoroni,13.01,389,525,60.26,389,2.14,N14
2025,6,Kakamega,Mumias,15.89,3111,103,76.76,3111,17.11,KENTAN
2025,7,Trans-Nzoia,Nzoia,13.5,2334,744,36.11,2334,12.84,CO 421
2025,8,Narok,Olepito,13.07,663,128,44.29,663,3.65,CO 617
2025,9,Kericho,Soin,13.26,1501,389,73.75,1501,8.26,N14
2025,10,Migori,South-Kenya,14.27,246,700,67.47,246,1.35,CO 617
2025,11,Kakamega,Sukari,14.83,530,154,70.63,530,2.92,CO 421
2025,12,Narok,Transmara,14.07,825,523,52.14,825,4.54,CO 421
2025,13,Kakamega,West-Kenya,12.71,6807,854,70.66,6807,37.44,N14
2025,14,Kisumu,Chemelil,12.75,1317,241,75.98,1317,7.24,CO 617
2025,15,Busia,Busia,14.48,929,324,58.46,929,5.11,CO 617
2025,16,Kakamega,Butali,12.83,11413,303,91.29,11413,62.77,N14
2025,17,Kisumu,Kibos,14.49,3022,164,75.64,3022,16.62,N14
2025,18,Narok,Kwale,11.08,2126,651,63.44,2126,11.69,KENTAN
2025,19,Kisumu,Muhoroni,12.04,3127,816,63.44,3127,17.2,KENTAN
2025,20,Kakamega,Mumias,13.92,4429,367,69.61,4429,24.36,CO 421
2025,21,Trans-Nzoia,Nzoia,10.31,5478,147,46.88,5478,30.13,CO 421
2025,22,Narok,Olepito,10.0,982,725,73.94,982,5.4,CO 617
2025,23,Kericho,Soin,12.91,1350,384,42.64,1350,7.42,N14
2025,24,Migori,South-Kenya,12.66,2391,642,70.02,2391,13.15,CO 617
2025,25,Kakamega,Sukari,13.68,822,109,82.9,822,4.52,CO 617
2025,26,Narok,Transmara,12.81,2271,894,34.52,2271,12.49,CO 421
2025,27,Kakamega,West-Kenya,13.87,4444,801,72.07,4444,24.44,KENTAN
2025,28,Kisumu,Chemelil,14.99,1828,227,75.78,1828,10.05,CO 617
2025,29,Busia,Busia,14.27,2081,977,38.78,2081,11.45,CO 421
2025,30,Kakamega,Butali,13.41,6237,272,73.56,6237,34.3,CO 617
2025,31,Kisumu,Kibos,14.7,11505,838,54.73,11505,63.28,CO 421
2025,32,Narok,Kwale,13.75,971,933,38.84,971,5.34,CO 421
2024,32,Kisumu,Muhoroni,12.15,704,115,47.35,704,3.66,CO 617
2024,33,Kakamega,Mumias,11.4,4959,505,69.54,4959,25.79,N14
2024,34,Trans-Nzoia,Nzoia,11.39,3304,827,77.53,3304,17.18,Eldoret 1
2024,35,Narok,Olepito,13.17,1146,563,59.45,1146,5.96,N14
2024,36,Kericho,Soin,10.0,2660,162,31.7,2660,13.83,CO 421
2024,37,Migori,South-Kenya,12.53,1181,732,35.91,1181,6.14,CO 617
2024,38,Kakamega,Sukari,15.89,2678,676,92.04,2678,13.93,CO 617
2024,39,Narok,Transmara,13.16,1627,543,58.31,1627,8.46,N14
2024,40,Kakamega,West-Kenya,12.08,6449,916,74.12,6449,33.53,N14
2024,41,Kisumu,Chemelil,11.93,2821,756,71.68,2821,14.67,N14
2024,42,Busia,Busia,13.34,2143,619,40.19,2143,11.14,CO 617
2024,43,Kakamega,Butali,11.08,5307,583,96.85,5307,27.6,N14
2024,44,Kisumu,Kibos,10.2,3635,899,43.44,3635,18.9,CO 421
2024,45,Narok,Kwale,13.24,1398,309,33.84,1398,7.27,CO 421
2024,46,Kisumu,Muhoroni,10.25,2454,676,74.53,2454,12.76,N14
2024,47,Kakamega,Mumias,10.62,8565,358,66.68,8565,44.54,CO 421
2024,48,Trans-Nzoia,Nzoia,13.86,6269,384,68.47,6269,32.6,CO 421
2024,49,Narok,Olepito,11.39,1253,472,32.27,1253,6.52,KENTAN
2024,50,Kericho,Soin,11.96,686,726,55.19,686,3.57,N14
2024,51,Migori,South-Kenya,10.0,621,166,46.82,621,3.23,N14
2024,52,Kakamega,Sukari,14.01,482,305,96.36,482,2.51,KENTAN
2025,1,Narok,Transmara,12.48,642,146,45.37,642,3.53,Eldoret 1
2025,2,Kakamega,West-Kenya,15.7,5747,141,61.7,5747,31.61,Eldoret 1
2025,3,Kisumu,Chemelil,10.09,1101,393,67.69,1101,6.06,Eldoret 1
2025,4,Busia,Busia,11.26,466,793,63.64,466,2.56,CO 421
2025,5,Kakamega,Butali,14.73,4604,522,62.97,4604,25.32,Eldoret 1
2025,6,Kisumu,Kibos,10.21,1953,251,66.51,1953,10.74,KENTAN
2025,7,Narok,Kwale,10.0,453,190,51.54,453,2.49,N14
2025,8,Kisumu,Muhoroni,11.33,623,682,49.91,623,3.43,N14
2025,9,Kakamega,Mumias,12.46,5233,190,68.36,5233,28.78,N14
2025,10,Trans-Nzoia,Nzoia,10.86,1911,146,50.6,1911,10.51,CO 421
2025,11,Narok,Olepito,10.0,236,165,59.87,236,1.3,CO 617
2025,12,Kericho,Soin,13.51,729,287,68.21,729,4.01,CO 421
2025,13,Migori,South-Kenya,10.32,1389,438,41.43,1389,7.64,N14
2025,14,Kakamega,Sukari,13.95,1984,191,91.35,1984,10.91,CO 421
2025,15,Narok,Transmara,12.69,3043,880,55.46,3043,16.74,KENTAN
2025,16,Kakamega,West-Kenya,16.0,8520,837,63.74,8520,46.86,KENTAN
2025,17,Kisumu,Chemelil,12.04,3045,278,56.72,3045,16.75,KENTAN
2025,18,Busia,Busia,15.33,1295,682,37.91,1295,7.12,CO 421
2025,19,Kakamega,Butali,13.27,11645,286,65.02,11645,64.05,KENTAN
2025,20,Kisumu,Kibos,15.5,11711,513,78.63,11711,64.41,CO 421
2025,21,Narok,Kwale,12.58,1238,894,64.52,1238,6.81,Eldoret 1
2025,22,Kisumu,Muhoroni,12.93,2556,711,48.16,2556,14.06,Eldoret 1
2025,23,Kakamega,Mumias,14.49,13129,874,87.65,13129,72.21,CO 421
2025,24,Trans-Nzoia,Nzoia,10.19,7917,370,75.26,7917,43.54,N14
2025,25,Narok,Olepito,10.0,2781,793,36.36,2781,15.3,CO 617
2025,26,Kericho,Soin,12.05,1291,409,64.25,1291,7.1,CO 617
2025,27,Migori,South-Kenya,12.79,1197,407,37.32,1197,6.58,CO 421
2025,28,Kakamega,Sukari,11.75,2042,844,97.92,2042,11.23,CO 617
2025,29,Narok,Transmara,10.91,2238,809,61.52,2238,12.31,KENTAN
2025,30,Kakamega,West-Kenya,15.83,9020,915,96.17,9020,49.61,N14
2025,31,Kisumu,Chemelil,14.04,1001,551,37.45,1001,5.51,KENTAN
2025,32,Busia,Busia,15.8,3170,105,78.1,3170,17.43,CO 617
2024,32,Kakamega,Butali,15.94,10619,475,99.68,10619,55.22,N14
2024,33,Kisumu,Kibos,15.05,9392,488,65.15,9392,48.84,KENTAN
2024,34,Narok,Kwale,10.25,2116,928,35.67,2116,11.0,CO 617
2024,35,Kisumu,Muhoroni,13.68,2072,456,70.71,2072,10.77,N14
2024,36,Kakamega,Mumias,11.17,4535,407,81.76,4535,23.58,N14
2024,37,Trans-Nzoia,Nzoia,10.24,5749,192,49.08,5749,29.89,N14
2024,38,Narok,Olepito,10.0,708,662,70.7,708,3.68,CO 617
2024,39,Kericho,Soin,11.85,1792,850,33.67,1792,9.32,CO 421
2024,40,Migori,South-Kenya,10.0,1679,609,78.74,1679,8.73,CO 421
2024,41,Kakamega,Sukari,14.25,930,446,68.17,930,4.84,N14
2024,42,Narok,Transmara,11.28,1206,721,56.64,1206,6.27,CO 617
2024,43,Kakamega,West-Kenya,10.63,11334,165,79.54,11334,58.94,CO 421
2024,44,Kisumu,Chemelil,12.97,2030,936,38.92,2030,10.56,CO 617
2024,45,Busia,Busia,10.83,2051,671,30.87,2051,10.67,CO 421
2024,46,Kakamega,Butali,12.13,3439,950,74.99,3439,17.88,N14
2024,47,Kisumu,Kibos,15.45,7449,325,53.42,7449,38.73,N14
2024,48,Narok,Kwale,10.0,2683,490,57.8,2683,13.95,CO 421
2024,49,Kisumu,Muhoroni,14.76,1108,718,77.69,1108,5.76,N14
2024,50,Kakamega,Mumias,10.49,6420,686,81.0,6420,33.38,CO 617
2024,51,Trans-Nzoia,Nzoia,12.01,3649,178,42.49,3649,18.97,KENTAN
2024,52,Narok,Olepito,10.0,531,917,52.83,531,2.76,CO 617
2025,1,Kericho,Soin,14.93,883,717,34.38,883,4.86,CO 617
2025,2,Migori,South-Kenya,10.07,209,148,64.48,209,1.15,N14
2025,3,Kakamega,Sukari,15.33,968,447,86.61,968,5.32,KENTAN
2025,4,Narok,Transmara,12.84,596,882,77.43,596,3.28,CO 617
2025,5,Kakamega,West-Kenya,12.5,2991,826,71.91,2991,16.45,CO 421
2025,6,Kisumu,Chemelil,10.82,491,955,75.47,491,2.7,N14
2025,7,Busia,Busia,14.78,504,342,46.34,504,2.77,CO 421
2025,8,Kakamega,Butali,15.95,1125,598,64.16,1125,6.19,CO 617
2025,9,Kisumu,Kibos,10.98,3549,969,45.12,3549,19.52,CO 421
2025,10,Narok,Kwale,13.76,506,419,41.04,506,2.78,N14
2025,11,Kisumu,Muhoroni,13.82,389,125,77.53,389,2.14,CO 421
2025,12,Kakamega,Mumias,12.72,1722,307,78.86,1722,9.47,KENTAN
2025,13,Trans-Nzoia,Nzoia,11.91,3154,700,35.63,3154,17.35,Eldoret 1
2025,14,Narok,Olepito,10.0,651,231,66.79,651,3.58,CO 421
2025,15,Kericho,Soin,11.28,2459,950,55.34,2459,13.52,CO 617
2025,16,Migori,South-Kenya,10.0,1477,183,59.86,1477,8.12,N14
2025,17,Kakamega,Sukari,10.24,1792,977,96.98,1792,9.86,Eldoret 1
2025,18,Narok,Transmara,14.05,1909,485,67.14,1909,10.5,CO 617
2025,19,Kakamega,West-Kenya,14.95,3903,416,68.41,3903,21.47,CO 421
2025,20,Kisumu,Chemelil,11.34,2285,156,49.3,2285,12.57,CO 421
2025,21,Busia,Busia,13.7,991,349,72.17,991,5.45,CO 421
2025,22,Kakamega,Butali,10.28,7892,539,81.85,7892,43.41,N14
2025,23,Kisumu,Kibos,12.26,6072,348,63.13,6072,33.4,CO 421
2025,24,Narok,Kwale,13.89,1060,187,61.52,1060,5.83,N14
2025,25,Kisumu,Muhoroni,14.46,3092,276,32.55,3092,17.01,CO 617
2025,26,Kakamega,Mumias,15.73,6194,852,87.23,6194,34.07,CO 617
2025,27,Trans-Nzoia,Nzoia,11.21,4779,981,56.73,4779,26.28,CO 617
2025,28,Narok,Olepito,12.3,2052,261,35.79,2052,11.29,CO 421
2025,29,Kericho,Soin,13.95,1257,520,58.93,1257,6.91,CO 421
2025,30,Migori,South-Kenya,11.04,2047,414,45.09,2047,11.26,N14
2025,31,Kakamega,Sukari,11.66,1843,585,60.81,1843,10.14,CO 421
2025,32,Narok,Transmara,11.42,1957,425,78.11,1957,10.76,N14
2024,32,Kakamega,West-Kenya,14.82,11300,507,95.57,11300,58.76,KENTAN
2024,33,Kisumu,Chemelil,14.48,707,845,64.13,707,3.68,KENTAN
2024,34,Busia,Busia,13.29,668,855,60.81,668,3.47,CO 421
2024,35,Kakamega,Butali,12.81,10247,633,72.25,10247,53.28,N14
2024,36,Kisumu,Kibos,14.78,5633,218,50.48,5633,29.29,N14
2024,37,Narok,Kwale,12.88,2360,260,49.18,2360,12.27,CO 421
2024,38,Kisumu,Muhoroni,12.66,2980,690,70.88,2980,15.5,KENTAN
2024,39,Kakamega,Mumias,10.57,3761,489,73.89,3761,19.56,CO 617
2024,40,Trans-Nzoia,Nzoia,12.22,11784,359,34.74,11784,61.28,N14
2024,41,Narok,Olepito,11.33,1715,570,45.04,1715,8.92,KENTAN
2024,42,Kericho,Soin,10.0,750,777,33.52,750,3.9,KENTAN
2024,43,Migori,South-Kenya,12.58,1524,372,74.63,1524,7.92,N14
2024,44,Kakamega,Sukari,14.55,2278,229,71.75,2278,11.85,CO 421
2024,45,Narok,Transmara,12.5,1579,293,39.31,1579,8.21,Eldoret 1
2024,46,Kakamega,West-Kenya,16.0,5238,385,70.6,5238,27.24,KENTAN
2024,47,Kisumu,Chemelil,13.71,1860,312,76.71,1860,9.67,N14
2024,48,Busia,Busia,13.97,808,200,64.95,808,4.2,N14
2024,49,Kakamega,Butali,12.15,3658,306,72.81,3658,19.02,CO 421
2024,50,Kisumu,Kibos,13.27,3583,261,54.77,3583,18.63,CO 421
2024,51,Narok,Kwale,12.12,426,199,46.99,426,2.22,Eldoret 1
2024,52,Kisumu,Muhoroni,11.94,665,127,71.63,665,3.46,N14
2025,1,Kakamega,Mumias,14.55,6617,974,89.37,6617,36.39,KENTAN
2025,2,Trans-Nzoia,Nzoia,14.91,2489,787,60.98,2489,13.69,CO 421
2025,3,Narok,Olepito,12.48,404,252,66.14,404,2.22,CO 421
2025,4,Kericho,Soin,10.49,708,659,77.63,708,3.89,KENTAN
2025,5,Migori,South-Kenya,10.59,444,244,77.76,444,2.44,KENTAN
2025,6,Kakamega,Sukari,11.99,1394,353,96.54,1394,7.67,KENTAN
2025,7,Narok,Transmara,12.46,793,303,62.62,793,4.36,N14
2025,8,Kakamega,West-Kenya,10.89,3245,909,69.84,3245,17.85,CO 421
2025,9,Kisumu,Chemelil,11.27,831,854,77.12,831,4.57,N14
2025,10,Busia,Busia,10.71,1308,360,55.05,1308,7.19,CO 421
2025,11,Kakamega,Butali,15.13,1357,324,68.91,1357,7.46,CO 617
2025,12,Kisumu,Kibos,11.74,2911,363,65.78,2911,16.01,CO 421
2025,13,Narok,Kwale,14.95,533,509,34.67,533,2.93,CO 421
2025,14,Kisumu,Muhoroni,11.57,1924,391,60.18,1924,10.58,CO 617
2025,15,Kakamega,Mumias,15.29,4280,191,88.1,4280,23.54,CO 617
2025,16,Trans-Nzoia,Nzoia,10.0,8848,387,56.16,8848,48.66,N14
2025,17,Narok,Olepito,11.61,1153,473,37.63,1153,6.34,CO 617
2025,18,Kericho,Soin,12.69,900,411,37.57,900,4.95,N14
2025,19,Migori,South-Kenya,10.54,799,983,42.77,799,4.39,N14
2025,20,Kakamega,Sukari,13.9,1722,144,65.88,1722,9.47,N14
2025,21,Narok,Transmara,11.26,944,411,60.76,944,5.19,Eldoret 1
2025,22,Kakamega,West-Kenya,14.59,7142,472,94.86,7142,39.28,CO 617
2025,23,Kisumu,Chemelil,12.25,1671,288,75.57,1671,9.19,KENTAN
2025,24,Busia,Busia,12.31,2502,316,38.22,2502,13.76,CO 421
2025,25,Kakamega,Butali,15.7,7875,251,75.11,7875,43.31,Eldoret 1
2025,26,Kisumu,Kibos,14.39,10342,743,72.04,10342,56.88,CO 421
2025,27,Narok,Kwale,12.61,1462,971,66.37,1462,8.04,CO 617
2025,28,Kisumu,Muhoroni,15.28,1739,266,46.09,1739,9.56,KENTAN
2025,29,Kakamega,Mumias,10.55,10557,497,95.34,10557,58.06,N14
2025,30,Trans-Nzoia,Nzoia,10.53,10443,468,77.84,10443,57.44,CO 421
2025,31,Narok,Olepito,10.37,3033,992,34.87,3033,16.68,CO 421
2025,32,Kericho,Soin,12.4,2569,325,35.79,2569,14.13,N14
2024,32,Migori,South-Kenya,13.28,1191,923,75.81,1191,6.19,CO 617
2024,33,Kakamega,Sukari,15.73,1674,848,94.05,1674,8.7,CO 617
2024,34,Narok,Transmara,10.0,1799,318,42.63,1799,9.35,CO 421
2024,35,Kakamega,West-Kenya,12.79,4341,604,85.38,4341,22.57,CO 421
2024,36,Kisumu,Chemelil,14.04,2706,918,69.63,2706,14.07,CO 421
2024,37,Busia,Busia,14.93,2769,663,43.6,2769,14.4,CO 421
2024,38,Kakamega,Butali,16.0,3790,472,68.9,3790,19.71,KENTAN
2024,39,Kisumu,Kibos,11.08,12216,583,68.02,12216,63.52,CO 421
2024,40,Narok,Kwale,11.59,1698,245,71.22,1698,8.83,CO 617
2024,41,Kisumu,Muhoroni,10.92,2023,259,61.26,2023,10.52,CO 421
2024,42,Kakamega,Mumias,12.42,7860,717,98.47,7860,40.87,CO 421
2024,43,Trans-Nzoia,Nzoia,11.2,13135,883,60.99,13135,68.3,KENTAN
2024,44,Narok,Olepito,10.0,1014,727,55.81,1014,5.27,CO 421
2024,45,Kericho,Soin,14.43,2742,207,65.48,2742,14.26,CO 617
2024,46,Migori,South-Kenya,10.0,1917,537,69.07,1917,9.97,KENTAN
2024,47,Kakamega,Sukari,13.44,1945,459,74.7,1945,10.11,N14
2024,48,Narok,Transmara,10.0,1180,293,51.74,1180,6.14,CO 421
2024,49,Kakamega,West-Kenya,12.01,5753,201,82.19,5753,29.92,CO 421
2024,50,Kisumu,Chemelil,10.86,248,832,44.23,248,1.29,CO 617
2024,51,Busia,Busia,11.39,695,490,53.61,695,3.61,CO 617
2024,52,Kakamega,Butali,11.92,3226,999,66.75,3226,16.78,Eldoret 1
2025,1,Kisumu,Kibos,11.69,2121,607,58.24,2121,11.67,KENTAN
2025,2,Narok,Kwale,10.0,894,772,35.03,894,4.92,CO 421
2025,3,Kisumu,Muhoroni,14.39,246,571,52.07,246,1.35,N14
2025,4,Kakamega,Mumias,15.38,1910,947,84.41,1910,10.51,Eldoret 1
2025,5,Trans-Nzoia,Nzoia,11.99,4366,851,69.99,4366,24.01,CO 617
2025,6,Narok,Olepito,14.35,1601,704,79.14,1601,8.81,CO 421
2025,7,Kericho,Soin,14.73,886,538,43.6,886,4.87,CO 421
2025,8,Migori,South-Kenya,10.01,1481,963,39.36,1481,8.15,N14
2025,9,Kakamega,Sukari,12.7,490,992,62.4,490,2.69,CO 421
2025,10,Narok,Transmara,12.83,1035,428,56.94,1035,5.69,KENTAN
2025,11,Kakamega,West-Kenya,10.07,2502,233,78.12,2502,13.76,CO 421
2025,12,Kisumu,Chemelil,10.35,312,882,56.85,312,1.72,Eldoret 1
2025,13,Busia,Busia,14.9,1194,143,32.11,1194,6.57,CO 421
2025,14,Kakamega,Butali,13.52,7279,625,65.37,7279,40.03,N14
2025,15,Kisumu,Kibos,13.68,7979,945,34.04,7979,43.88,KENTAN
2025,16,Narok,Kwale,12.36,1207,375,47.95,1207,6.64,CO 421
2025,17,Kisumu,Muhoroni,14.25,2699,410,74.94,2699,14.84,CO 617
2025,18,Kakamega,Mumias,11.41,8645,102,96.2,8645,47.55,CO 617
2025,19,Trans-Nzoia,Nzoia,10.6,8248,983,75.62,8248,45.36,KENTAN
2025,20,Narok,Olepito,14.89,1142,709,42.5,1142,6.28,N14
2025,21,Kericho,Soin,14.81,1451,991,66.41,1451,7.98,CO 421
2025,22,Migori,South-Kenya,10.0,1706,803,61.47,1706,9.38,N14
2025,23,Kakamega,Sukari,16.0,1610,875,94.53,1610,8.86,KENTAN
2025,24,Narok,Transmara,10.71,2480,430,64.14,2480,13.64,CO 421
2025,25,Kakamega,West-Kenya,12.83,4133,515,64.51,4133,22.73,CO 617
2025,26,Kisumu,Chemelil,10.32,1835,678,73.34,1835,10.09,KENTAN
2025,27,Busia,Busia,12.47,2423,621,71.71,2423,13.33,CO 421
2025,28,Kakamega,Butali,13.89,8902,366,93.84,8902,48.96,CO 421
2025,29,Kisumu,Kibos,11.87,12220,761,30.73,12220,67.21,CO 421
2025,30,Narok,Kwale,11.5,1457,436,35.69,1457,8.01,CO 421
2025,31,Kisumu,Muhoroni,11.36,817,929,51.79,817,4.49,KENTAN
2025,32,Kakamega,Mumias,14.13,12174,415,73.06,12174,66.96,N14
2024,32,Trans-Nzoia,Nzoia,13.05,11361,776,45.38,11361,59.08,Eldoret 1
2024,33,Narok,Olepito,13.06,2301,177,35.2,2301,11.97,N14
2024,34,Kericho,Soin,10.62,1068,201,75.8,1068,5.55,N14
2024,35,Migori,South-Kenya,10.02,2685,380,37.36,2685,13.96,CO 617
2024,36,Kakamega,Sukari,11.07,1567,610,83.06,1567,8.15,N14
2024,37,Narok,Transmara,10.0,3133,779,44.24,3133,16.29,N14
2024,38,Kakamega,West-Kenya,10.27,9611,325,64.89,9611,49.98,CO 617
2024,39,Kisumu,Chemelil,12.33,958,501,52.57,958,4.98,CO 421
2024,40,Busia,Busia,14.46,1120,588,31.54,1120,5.82,CO 421
2024,41,Kakamega,Butali,13.6,5783,749,67.73,5783,30.07,CO 421
2024,42,Kisumu,Kibos,12.25,11698,890,50.96,11698,60.83,CO 421
2024,43,Narok,Kwale,10.23,950,630,79.3,950,4.94,KENTAN
2024,44,Kisumu,Muhoroni,11.12,792,403,70.64,792,4.12,N14
2024,45,Kakamega,Mumias,12.13,4070,251,61.67,4070,21.16,N14
2024,46,Trans-Nzoia,Nzoia,14.71,9317,334,35.17,9317,48.45,Eldoret 1
2024,47,Narok,Olepito,10.0,1270,465,47.72,1270,6.6,N14
2024,48,Kericho,Soin,10.0,1984,261,53.56,1984,10.32,Eldoret 1
2024,49,Migori,South-Kenya,14.95,168,599,72.21,168,0.87,CO 617
2024,50,Kakamega,Sukari,13.36,1537,335,90.96,1537,7.99,Eldoret 1
2024,51,Narok,Transmara,10.0,974,177,62.73,974,5.06,N14
2024,52,Kakamega,West-Kenya,13.02,1682,724,69.61,1682,8.75,KENTAN
2025,1,Kisumu,Chemelil,13.34,554,483,40.54,554,3.05,N14
2025,2,Busia,Busia,12.03,360,846,51.31,360,1.98,CO 421
2025,3,Kakamega,Butali,11.11,3819,916,78.17,3819,21.0,CO 421
2025,4,Kisumu,Kibos,10.25,2577,176,32.7,2577,14.17,N14
2025,5,Narok,Kwale,11.8,342,499,44.38,342,1.88,CO 617
2025,6,Kisumu,Muhoroni,15.85,803,484,63.26,803,4.42,N14
2025,7,Kakamega,Mumias,12.25,1480,214,69.56,1480,8.14,CO 421
2025,8,Trans-Nzoia,Nzoia,10.74,3962,902,32.35,3962,21.79,CO 421
2025,9,Narok,Olepito,13.55,494,920,37.59,494,2.72,N14
2025,10,Kericho,Soin,14.73,1061,652,34.1,1061,5.84,KENTAN
2025,11,Migori,South-Kenya,13.67,747,407,44.74,747,4.11,KENTAN
2025,12,Kakamega,Sukari,15.98,1128,340,95.93,1128,6.2,N14
2025,13,Narok,Transmara,14.62,671,119,79.69,671,3.69,KENTAN
2025,14,Kakamega,West-Kenya,15.66,4991,465,77.26,4991,27.45,CO 421
2025,15,Kisumu,Chemelil,15.37,2239,902,39.26,2239,12.31,KENTAN
2025,16,Busia,Busia,12.94,620,896,75.27,620,3.41,N14
2025,17,Kakamega,Butali,13.87,10081,953,64.7,10081,55.45,CO 617
2025,18,Kisumu,Kibos,14.51,7863,736,61.16,7863,43.25,Eldoret 1
2025,19,Narok,Kwale,10.32,1202,734,67.1,1202,6.61,CO 421
2025,20,Kisumu,Muhoroni,13.85,2416,260,31.58,2416,13.29,KENTAN
2025,21,Kakamega,Mumias,10.58,9106,883,99.66,9106,50.08,N14
2025,22,Trans-Nzoia,Nzoia,12.42,10022,374,70.04,10022,55.12,CO 421
2025,23,Narok,Olepito,10.0,2986,266,64.42,2986,16.42,CO 421
2025,24,Kericho,Soin,10.0,822,912,31.99,822,4.52,CO 617
2025,25,Migori,South-Kenya,12.72,614,931,79.42,614,3.38,CO 617
2025,26,Kakamega,Sukari,10.93,2448,787,83.86,2448,13.46,CO 421
2025,27,Narok,Transmara,10.5,1505,704,75.13,1505,8.28,Eldoret 1
2025,28,Kakamega,West-Kenya,13.56,8154,221,80.74,8154,44.85,N14
2025,29,Kisumu,Chemelil,10.96,2123,486,45.24,2123,11.68,CO 421
2025,30,Busia,Busia,15.88,1129,892,74.53,1129,6.21,CO 617
2025,31,Kakamega,Butali,10.78,10653,667,95.51,10653,58.59,CO 617
2025,32,Kisumu,Kibos,12.39,9624,264,32.82,9624,52.93,KENTAN
2024,32,Narok,Kwale,12.08,1770,402,33.99,1770,9.2,CO 421
2024,33,Kisumu,Muhoroni,15.17,983,263,35.58,983,5.11,N14
2024,34,Kakamega,Mumias,15.85,7219,505,79.1,7219,37.54,CO 421
2024,35,Trans-Nzoia,Nzoia,10.0,2727,467,35.53,2727,14.18,KENTAN
2024,36,Narok,Olepito,10.15,2109,573,36.13,2109,10.97,N14
2024,37,Kericho,Soin,10.56,2128,658,68.41,2128,11.07,KENTAN
2024,38,Migori,South-Kenya,10.67,947,281,39.23,947,4.92,Eldoret 1
2024,39,Kakamega,Sukari,15.01,2998,946,93.03,2998,15.59,KENTAN
2024,40,Narok,Transmara,14.2,3116,160,59.94,3116,16.2,CO 421
2024,41,Kakamega,West-Kenya,14.11,12074,407,87.25,12074,62.78,CO 421
2024,42,Kisumu,Chemelil,13.84,1204,149,47.99,1204,6.26,CO 421
2024,43,Busia,Busia,14.93,1090,764,58.1,1090,5.67,CO 421
2024,44,Kakamega,Butali,13.7,8761,122,83.73,8761,45.56,CO 617
2024,45,Kisumu,Kibos,14.07,9273,295,54.21,9273,48.22,N14
2024,46,Narok,Kwale,11.95,893,830,73.82,893,4.64,CO 421
2024,47,Kisumu,Muhoroni,12.32,3019,544,43.36,3019,15.7,CO 421
2024,48,Kakamega,Mumias,14.26,5976,883,79.79,5976,31.08,N14
2024,49,Trans-Nzoia,Nzoia,14.86,4611,146,67.05,4611,23.98,N14
2024,50,Narok,Olepito,10.58,366,515,38.64,366,1.9,CO 617
2024,51,Kericho,Soin,10.88,1314,539,38.54,1314,6.83,CO 617
2024,52,Migori,South-Kenya,12.93,762,876,64.63,762,3.96,CO 617
2025,1,Kakamega,Sukari,13.85,335,778,77.8,335,1.84,CO 617
2025,2,Narok,Transmara,14.09,684,607,76.09,684,3.76,CO 617
2025,3,Kakamega,West-Kenya,15.04,3395,283,94.62,3395,18.67,KENTAN
2025,4,Kisumu,Chemelil,11.77,161,186,52.01,161,0.89,CO 421
2025,5,Busia,Busia,11.22,591,267,43.85,591,3.25,CO 617
2025,6,Kakamega,Butali,13.52,4668,408,92.57,4668,25.67,N14
2025,7,Kisumu,Kibos,11.57,2884,732,37.73,2884,15.86,CO 617
2025,8,Narok,Kwale,12.21,1377,100,46.14,1377,7.57,KENTAN
2025,9,Kisumu,Muhoroni,10.95,291,299,64.5,291,1.6,KENTAN
2025,10,Kakamega,Mumias,11.21,4498,556,65.88,4498,24.74,KENTAN
2025,11,Trans-Nzoia,Nzoia,13.49,1349,845,61.68,1349,7.42,N14
2025,12,Narok,Olepito,14.27,383,199,74.61,383,2.11,N14
2025,13,Kericho,Soin,12.17,748,630,40.72,748,4.11,N14
2025,14,Migori,South-Kenya,10.02,1574,326,46.69,1574,8.66,N14
2025,15,Kakamega,Sukari,15.82,2034,786,86.03,2034,11.19,Eldoret 1
2025,16,Narok,Transmara,10.0,1956,129,49.13,1956,10.76,CO 617
2025,17,Kakamega,West-Kenya,11.45,6128,430,74.15,6128,33.7,CO 617
2025,18,Kisumu,Chemelil,15.8,1171,221,58.79,1171,6.44,CO 617
2025,19,Busia,Busia,10.63,1214,872,31.7,1214,6.68,KENTAN
2025,20,Kakamega,Butali,14.66,10974,377,75.14,10974,60.36,KENTAN
2025,21,Kisumu,Kibos,12.65,3705,175,74.34,3705,20.38,N14
2025,22,Narok,Kwale,10.53,1754,554,64.59,1754,9.65,Eldoret 1
2025,23,Kisumu,Muhoroni,13.14,1413,315,73.54,1413,7.77,CO 617
2025,24,Kakamega,Mumias,12.33,10294,570,65.35,10294,56.62,CO 617
2025,25,Trans-Nzoia,Nzoia,11.95,6789,644,35.35,6789,37.34,N14
2025,26,Narok,Olepito,10.0,1202,158,62.21,1202,6.61,KENTAN
2025,27,Kericho,Soin,14.84,3052,311,39.59,3052,16.79,N14
2025,28,Migori,South-Kenya,13.18,1865,761,76.38,1865,10.26,CO 421
2025,29,Kakamega,Sukari,11.04,1068,618,95.97,1068,5.87,Eldoret 1
2025,30,Narok,Transmara,10.29,2312,288,70.0,2312,12.72,CO 421
2025,31,Kakamega,West-Kenya,14.04,5913,585,62.59,5913,32.52,CO 421
2025,32,Kisumu,Chemelil,12.16,1038,377,73.53,1038,5.71,CO 421
2024,32,Busia,Busia,11.05,1751,270,30.68,1751,9.11,N14
2024,33,Kakamega,Butali,14.71,5418,333,96.12,5418,28.17,CO 617
2024,34,Kisumu,Kibos,15.89,8947,475,66.13,8947,46.52,KENTAN
2024,35,Narok,Kwale,12.39,2388,525,32.8,2388,12.42,CO 421
2024,36,Kisumu,Muhoroni,10.7,2365,694,74.18,2365,12.3,CO 421
2024,37,Kakamega,Mumias,15.3,11255,368,96.7,11255,58.53,CO 421
2024,38,Trans-Nzoia,Nzoia,10.0,3137,453,78.06,3137,16.31,CO 421
2024,39,Narok,Olepito,10.0,990,399,42.96,990,5.15,CO 617
2024,40,Kericho,Soin,10.0,2082,916,37.07,2082,10.83,N14
2024,41,Migori,South-Kenya,10.0,3146,412,36.7,3146,16.36,CO 617
2024,42,Kakamega,Sukari,12.25,1321,595,88.2,1321,6.87,N14
2024,43,Narok,Transmara,10.0,1416,649,72.11,1416,7.36,KENTAN
2024,44,Kakamega,West-Kenya,13.01,12364,688,80.95,12364,64.29,CO 421
2024,45,Kisumu,Chemelil,14.83,2519,148,41.15,2519,13.1,N14
2024,46,Busia,Busia,12.17,2145,287,56.58,2145,11.15,KENTAN
2024,47,Kakamega,Butali,12.48,7143,319,97.12,7143,37.14,Eldoret 1
2024,48,Kisumu,Kibos,14.22,4626,158,32.39,4626,24.06,CO 421
2024,49,Narok,Kwale,13.99,312,944,44.71,312,1.62,CO 421
2024,50,Kisumu,Muhoroni,12.29,706,513,38.19,706,3.67,CO 421
2024,51,Kakamega,Mumias,15.37,5767,528,60.07,5767,29.99,N14
2024,52,Trans-Nzoia,Nzoia,10.0,5396,761,39.67,5396,28.06,CO 617
2025,1,Narok,Olepito,11.72,882,361,58.39,882,4.85,CO 617
2025,2,Kericho,Soin,10.0,580,481,49.62,580,3.19,N14
2025,3,Migori,South-Kenya,10.27,385,100,51.15,385,2.12,CO 421
2025,4,Kakamega,Sukari,10.47,528,869,89.86,528,2.9,N14
2025,5,Narok,Transmara,11.1,489,791,56.58,489,2.69,CO 421
2025,6,Kakamega,West-Kenya,14.78,2700,277,75.05,2700,14.85,N14
2025,7,Kisumu,Chemelil,10.88,785,657,64.11,785,4.32,CO 421
2025,8,Busia,Busia,10.52,874,657,69.09,874,4.81,KENTAN
2025,9,Kakamega,Butali,15.76,2461,867,68.93,2461,13.54,CO 421
2025,10,Kisumu,Kibos,11.44,4540,702,59.0,4540,24.97,N14
2025,11,Narok,Kwale,10.0,278,227,37.59,278,1.53,CO 421
2025,12,Kisumu,Muhoroni,11.56,333,471,74.29,333,1.83,Eldoret 1
2025,13,Kakamega,Mumias,13.5,1239,908,82.11,1239,6.81,CO 617
2025,14,Trans-Nzoia,Nzoia,12.29,7520,356,79.33,7520,41.36,KENTAN
2025,15,Narok,Olepito,14.42,2618,827,73.68,2618,14.4,CO 617
2025,16,Kericho,Soin,10.33,2120,142,48.06,2120,11.66,CO 421
2025,17,Migori,South-Kenya,10.27,2665,346,64.02,2665,14.66,KENTAN
2025,18,Kakamega,Sukari,13.86,2111,681,60.19,2111,11.61,CO 421
2025,19,Narok,Transmara,12.75,1272,286,64.2,1272,7.0,N14
2025,20,Kakamega,West-Kenya,11.13,6862,364,67.1,6862,37.74,CO 421
2025,21,Kisumu,Chemelil,12.88,1875,992,42.17,1875,10.31,CO 421
2025,22,Busia,Busia,12.18,1277,126,66.33,1277,7.02,Eldoret 1
2025,23,Kakamega,Butali,14.61,9352,631,78.36,9352,51.44,CO 421
2025,24,Kisumu,Kibos,12.41,6626,714,51.3,6626,36.44,N14
2025,25,Narok,Kwale,12.4,1353,506,64.15,1353,7.44,KENTAN
2025,26,Kisumu,Muhoroni,10.33,3221,699,62.69,3221,17.72,KENTAN
2025,27,Kakamega,Mumias,15.62,7904,742,90.24,7904,43.47,CO 421
2025,28,Trans-Nzoia,Nzoia,13.87,4027,985,62.92,4027,22.15,KENTAN
2025,29,Narok,Olepito,10.02,1716,787,33.04,1716,9.44,CO 421
2025,30,Kericho,Soin,13.87,1835,433,62.3,1835,10.09,KENTAN
2025,31,Migori,South-Kenya,10.0,2936,473,76.97,2936,16.15,N14
2025,32,Kakamega,Sukari,14.33,1845,202,80.97,1845,10.15,CO 421
2024,32,Narok,Transmara,10.78,2350,530,52.49,2350,12.22,N14
2024,33,Kakamega,West-Kenya,10.77,10892,741,72.45,10892,56.64,N14
2024,34,Kisumu,Chemelil,15.59,1459,725,70.02,1459,7.59,CO 617
2024,35,Busia,Busia,15.44,2612,802,56.27,2612,13.58,KENTAN
2024,36,Kakamega,Butali,13.63,7902,509,85.65,7902,41.09,N14
2024,37,Kisumu,Kibos,13.97,3890,933,69.78,3890,20.23,CO 617
2024,38,Narok,Kwale,11.32,1147,233,37.79,1147,5.96,CO 421
2024,39,Kisumu,Muhoroni,10.06,1095,655,44.21,1095,5.69,CO 617
2024,40,Kakamega,Mumias,16.0,5968,805,80.79,5968,31.03,KENTAN
2024,41,Trans-Nzoia,Nzoia,11.57,11546,463,72.15,11546,60.04,KENTAN
2024,42,Narok,Olepito,12.94,2433,169,77.01,2433,12.65,KENTAN
2024,43,Kericho,Soin,10.0,1604,408,56.93,1604,8.34,CO 617
2024,44,Migori,South-Kenya,14.89,1449,232,76.44,1449,7.53,Eldoret 1
2024,45,Kakamega,Sukari,15.77,943,907,73.81,943,4.9,CO 617
2024,46,Narok,Transmara,13.54,1074,384,54.63,1074,5.58,KENTAN
2024,47,Kakamega,West-Kenya,13.53,8540,534,96.01,8540,44.41,CO 617
2024,48,Kisumu,Chemelil,13.09,1251,165,58.92,1251,6.51,KENTAN
2024,49,Busia,Busia,12.49,333,438,67.25,333,1.73,CO 421
2024,50,Kakamega,Butali,14.0,4782,540,82.88,4782,24.87,CO 617
2024,51,Kisumu,Kibos,12.73,4676,217,34.78,4676,24.32,CO 421
2024,52,Narok,Kwale,11.93,755,312,69.24,755,3.93,Eldoret 1
2025,1,Kisumu,Muhoroni,11.17,1164,885,55.42,1164,6.4,N14
2025,2,Kakamega,Mumias,15.84,4114,910,80.05,4114,22.63,Eldoret 1
2025,3,Trans-Nzoia,Nzoia,13.01,2898,309,53.42,2898,15.94,CO 421
2025,4,Narok,Olepito,13.8,803,599,63.0,803,4.42,CO 421
2025,5,Kericho,Soin,10.0,366,302,68.35,366,2.01,KENTAN
2025,6,Migori,South-Kenya,12.5,592,103,63.48,592,3.26,KENTAN
2025,7,Kakamega,Sukari,15.87,198,585,82.06,198,1.09,CO 617
2025,8,Narok,Transmara,10.0,532,281,59.78,532,2.93,CO 421
2025,9,Kakamega,West-Kenya,12.1,3566,699,95.67,3566,19.61,N14
2025,10,Kisumu,Chemelil,14.21,622,468,49.76,622,3.42,KENTAN
2025,11,Busia,Busia,11.97,975,202,64.25,975,5.36,CO 617
2025,12,Kakamega,Butali,15.86,1769,347,83.23,1769,9.73,CO 421
2025,13,Kisumu,Kibos,10.12,4585,638,34.59,4585,25.22,N14
2025,14,Narok,Kwale,13.04,635,403,73.14,635,3.49,KENTAN
2025,15,Kisumu,Muhoroni,13.89,1813,208,57.2,1813,9.97,CO 617
2025,16,Kakamega,Mumias,11.09,3488,783,89.57,3488,19.18,N14
2025,17,Trans-Nzoia,Nzoia,13.79,6589,285,52.89,6589,36.24,CO 421
2025,18,Narok,Olepito,12.54,1732,725,55.53,1732,9.53,CO 617
2025,19,Kericho,Soin,10.91,1752,555,39.91,1752,9.64,CO 617
2025,20,Migori,South-Kenya,10.2,989,762,32.08,989,5.44,KENTAN
2025,21,Kakamega,Sukari,10.03,1319,971,63.9,1319,7.25,CO 421
2025,22,Narok,Transmara,14.17,1319,799,46.6,1319,7.25,CO 617
2025,23,Kakamega,West-Kenya,13.26,8624,950,93.27,8624,47.43,KENTAN
2025,24,Kisumu,Chemelil,15.74,2897,940,65.74,2897,15.93,KENTAN
2025,25,Busia,Busia,11.36,2685,596,44.54,2685,14.77,N14
2025,26,Kakamega,Butali,15.54,8383,963,81.58,8383,46.11,CO 421
2025,27,Kisumu,Kibos,14.63,5812,795,56.47,5812,31.97,CO 421
2025,28,Narok,Kwale,14.71,2299,189,56.67,2299,12.64,CO 421
2025,29,Kisumu,Muhoroni,10.83,2360,712,66.26,2360,12.98,KENTAN
2025,30,Kakamega,Mumias,15.14,4158,263,92.01,4158,22.87,KENTAN
2025,31,Trans-Nzoia,Nzoia,12.05,4154,271,71.7,4154,22.85,CO 421
2025,32,Narok,Olepito,12.87,2282,293,39.44,2282,12.55,KENTAN
2024,32,Kericho,Soin,13.21,745,241,36.69,745,3.87,CO 617
2024,33,Migori,South-Kenya,10.45,1925,620,48.74,1925,10.01,N14
2024,34,Kakamega,Sukari,13.27,1675,148,73.29,1675,8.71,N14
2024,35,Narok,Transmara,14.52,958,408,73.8,958,4.98,CO 421
2024,36,Kakamega,West-Kenya,11.96,11685,176,88.03,11685,60.76,Eldoret 1
2024,37,Kisumu,Chemelil,12.82,789,524,49.11,789,4.1,CO 421
2024,38,Busia,Busia,10.99,1086,662,54.97,1086,5.65,CO 421
2024,39,Kakamega,Butali,14.3,9232,255,80.82,9232,48.01,N14
2024,40,Kisumu,Kibos,10.83,6199,141,38.68,6199,32.23,CO 617
2024,41,Narok,Kwale,14.06,1479,716,46.82,1479,7.69,KENTAN
2024,42,Kisumu,Muhoroni,10.23,2607,497,49.04,2607,13.56,N14
2024,43,Kakamega,Mumias,16.0,4928,311,69.47,4928,25.63,KENTAN
2024,44,Trans-Nzoia,Nzoia,10.0,2779,454,71.0,2779,14.45,CO 421
2024,45,Narok,Olepito,10.51,2522,315,50.07,2522,13.11,CO 617
2024,46,Kericho,Soin,12.02,2155,480,76.63,2155,11.21,KENTAN
2024,47,Migori,South-Kenya,14.28,1970,550,45.69,1970,10.24,CO 421
2024,48,Kakamega,Sukari,15.1,2786,158,78.58,2786,14.49,CO 617
2024,49,Narok,Transmara,10.0,262,488,57.77,262,1.36,CO 617
2024,50,Kakamega,West-Kenya,11.55,4720,918,95.48,4720,24.54,N14
2024,51,Kisumu,Chemelil,15.77,962,629,63.19,962,5.0,CO 421
2024,52,Busia,Busia,10.79,705,152,77.97,705,3.67,KENTAN
2025,1,Kakamega,Butali,15.39,6023,731,96.94,6023,33.13,Eldoret 1
2025,2,Kisumu,Kibos,13.07,3618,446,47.09,3618,19.9,N14
2025,3,Narok,Kwale,13.04,426,614,37.07,426,2.34,N14
2025,4,Kisumu,Muhoroni,14.0,565,949,45.84,565,3.11,CO 421
2025,5,Kakamega,Mumias,12.62,4373,848,70.07,4373,24.05,CO 617
2025,6,Trans-Nzoia,Nzoia,13.79,2813,873,50.59,2813,15.47,KENTAN
2025,7,Narok,Olepito,10.96,654,373,66.51,654,3.6,CO 421
2025,8,Kericho,Soin,10.43,1045,971,57.6,1045,5.75,N14
2025,9,Migori,South-Kenya,12.91,391,159,56.62,391,2.15,KENTAN
2025,10,Kakamega,Sukari,13.38,400,507,96.15,400,2.2,CO 421
2025,11,Narok,Transmara,14.94,307,719,60.79,307,1.69,N14
2025,12,Kakamega,West-Kenya,14.65,3946,702,70.83,3946,21.7,CO 421
2025,13,Kisumu,Chemelil,15.88,349,548,33.09,349,1.92,N14
2025,14,Busia,Busia,14.93,602,864,73.61,602,3.31,CO 421
2025,15,Kakamega,Butali,15.27,8637,373,91.23,8637,47.5,CO 421
2025,16,Kisumu,Kibos,14.49,11376,692,46.43,11376,62.57,CO 617
2025,17,Narok,Kwale,12.49,1046,367,48.28,1046,5.75,N14
2025,18,Kisumu,Muhoroni,15.71,986,636,73.64,986,5.42,CO 421
2025,19,Kakamega,Mumias,11.96,7156,440,64.7,7156,39.36,CO 421
2025,20,Trans-Nzoia,Nzoia,11.73,4051,365,72.36,4051,22.28,CO 421
2025,21,Narok,Olepito,13.92,2425,699,56.15,2425,13.34,KENTAN
2025,22,Kericho,Soin,12.84,2645,323,49.57,2645,14.55,CO 617
2025,23,Migori,South-Kenya,10.25,2126,104,32.09,2126,11.69,KENTAN
2025,24,Kakamega,Sukari,12.92,777,778,96.42,777,4.27,CO 421
2025,25,Narok,Transmara,14.27,946,815,65.28,946,5.2,CO 617
2025,26,Kakamega,West-Kenya,13.84,7305,351,88.66,7305,40.18,N14
2025,27,Kisumu,Chemelil,13.56,748,782,71.32,748,4.11,CO 617
2025,28,Busia,Busia,14.21,1217,847,37.0,1217,6.69,CO 617
2025,29,Kakamega,Butali,11.86,8435,206,64.35,8435,46.39,CO 421
2025,30,Kisumu,Kibos,10.33,9545,330,77.95,9545,52.5,N14
2025,31,Narok,Kwale,12.48,1719,428,46.37,1719,9.45,CO 421
2025,32,Kisumu,Muhoroni,15.86,2827,551,68.78,2827,15.55,N14
2024,32,Kakamega,Mumias,12.75,8856,927,99.21,8856,46.05,N14
2024,33,Trans-Nzoia,Nzoia,10.89,3268,241,38.04,3268,16.99,KENTAN
2024,34,Narok,Olepito,10.38,2346,930,51.72,2346,12.2,KENTAN
2024,35,Kericho,Soin,14.26,1576,651,35.54,1576,8.2,KENTAN
2024,36,Migori,South-Kenya,10.46,1292,920,74.71,1292,6.72,N14
2024,37,Kakamega,Sukari,12.51,2375,572,63.14,2375,12.35,CO 617
2024,38,Narok,Transmara,13.9,1827,523,36.03,1827,9.5,N14
2024,39,Kakamega,West-Kenya,13.75,5309,225,76.76,5309,27.61,CO 421
2024,40,Kisumu,Chemelil,10.66,1488,496,51.39,1488,7.74,Eldoret 1
2024,41,Busia,Busia,14.19,1911,657,65.11,1911,9.94,N14
2024,42,Kakamega,Butali,12.93,13019,113,75.67,13019,67.7,CO 617
2024,43,Kisumu,Kibos,15.56,5533,206,39.7,5533,28.77,CO 617
2024,44,Narok,Kwale,10.67,1629,370,65.49,1629,8.47,KENTAN
2024,45,Kisumu,Muhoroni,13.67,851,896,58.73,851,4.43,CO 617
2024,46,Kakamega,Mumias,10.81,8652,312,83.41,8652,44.99,N14
2024,47,Trans-Nzoia,Nzoia,11.85,9987,585,68.18,9987,51.93,N14
2024,48,Narok,Olepito,10.22,2722,431,54.86,2722,14.15,Eldoret 1
2024,49,Kericho,Soin,12.23,1142,997,58.18,1142,5.94,KENTAN
2024,50,Migori,South-Kenya,10.85,791,432,31.82,791,4.11,CO 421
2024,51,Kakamega,Sukari,12.36,234,504,97.39,234,1.22,CO 421
2024,52,Narok,Transmara,10.0,977,674,32.12,977,5.08,KENTAN
2025,1,Kakamega,West-Kenya,11.23,2454,978,85.46,2454,13.5,KENTAN
2025,2,Kisumu,Chemelil,11.04,1229,710,41.69,1229,6.76,Eldoret 1
2025,3,Busia,Busia,12.24,238,157,62.96,238,1.31,CO 617
2025,4,Kakamega,Butali,11.18,1831,870,72.32,1831,10.07,CO 617
2025,5,Kisumu,Kibos,10.59,881,523,46.9,881,4.85,N14
2025,6,Narok,Kwale,13.94,552,952,68.47,552,3.04,CO 421
2025,7,Kisumu,Muhoroni,15.67,522,534,51.24,522,2.87,CO 617
2025,8,Kakamega,Mumias,14.87,1513,577,62.96,1513,8.32,CO 421
2025,9,Trans-Nzoia,Nzoia,12.76,4045,253,72.87,4045,22.25,Eldoret 1
2025,10,Narok,Olepito,13.56,341,840,56.26,341,1.88,N14
2025,11,Kericho,Soin,10.19,954,927,78.28,954,5.25,KENTAN
2025,12,Migori,South-Kenya,12.69,489,200,30.03,489,2.69,N14
2025,13,Kakamega,Sukari,10.01,1183,697,60.53,1183,6.51,CO 617
2025,14,Narok,Transmara,10.0,2104,183,37.13,2104,11.57,CO 421
2025,15,Kakamega,West-Kenya,15.65,7351,220,73.91,7351,40.43,CO 421
2025,16,Kisumu,Chemelil,14.54,2115,498,39.21,2115,11.63,CO 617
2025,17,Busia,Busia,11.0,3136,589,73.63,3136,17.25,CO 617
2025,18,Kakamega,Butali,10.86,5537,798,89.03,5537,30.45,CO 617
2025,19,Kisumu,Kibos,13.05,4985,922,65.98,4985,27.42,CO 421
2025,20,Narok,Kwale,10.0,1484,762,70.38,1484,8.16,CO 617
2025,21,Kisumu,Muhoroni,15.03,536,459,52.29,536,2.95,KENTAN
2025,22,Kakamega,Mumias,11.39,4984,733,90.64,4984,27.41,KENTAN
2025,23,Trans-Nzoia,Nzoia,10.0,8952,969,47.26,8952,49.24,N14
2025,24,Narok,Olepito,10.32,755,469,60.03,755,4.15,CO 617
2025,25,Kericho,Soin,10.62,2337,586,62.77,2337,12.85,KENTAN
2025,26,Migori,South-Kenya,10.0,508,564,37.16,508,2.79,CO 421
2025,27,Kakamega,Sukari,14.65,1708,681,95.91,1708,9.39,CO 421
2025,28,Narok,Transmara,10.99,1224,112,57.31,1224,6.73,CO 617
2025,29,Kakamega,West-Kenya,12.7,8669,973,67.55,8669,47.68,N14
2025,30,Kisumu,Chemelil,13.12,1984,856,40.18,1984,10.91,CO 421
2025,31,Busia,Busia,15.83,1446,607,42.44,1446,7.95,KENTAN
2025,32,Kakamega,Butali,11.67,4874,593,93.16,4874,26.81,KENTAN
2024,32,Kisumu,Kibos,14.0,6841,182,46.45,6841,35.57,CO 617
2024,33,Narok,Kwale,14.23,3068,145,52.19,3068,15.95,N14
2024,34,Kisumu,Muhoroni,13.25,2431,403,47.04,2431,12.64,N14
2024,35,Kakamega,Mumias,10.98,10233,193,72.68,10233,53.21,CO 617
2024,36,Trans-Nzoia,Nzoia,11.06,5723,415,59.07,5723,29.76,N14
2024,37,Narok,Olepito,14.72,973,820,46.18,973,5.06,CO 421
2024,38,Kericho,Soin,12.15,526,347,67.87,526,2.74,N14
2024,39,Migori,South-Kenya,11.57,671,576,73.59,671,3.49,Eldoret 1
2024,40,Kakamega,Sukari,16.0,2263,737,95.9,2263,11.77,KENTAN
2024,41,Narok,Transmara,10.0,2636,195,45.68,2636,13.71,N14
2024,42,Kakamega,West-Kenya,11.79,3554,332,75.87,3554,18.48,KENTAN
2024,43,Kisumu,Chemelil,13.66,1852,890,35.0,1852,9.63,CO 617
2024,44,Busia,Busia,12.26,717,311,37.6,717,3.73,CO 421
2024,45,Kakamega,Butali,14.08,3040,327,86.55,3040,15.81,Eldoret 1
2024,46,Kisumu,Kibos,11.44,4781,367,63.69,4781,24.86,KENTAN
2024,47,Narok,Kwale,10.0,2742,985,30.31,2742,14.26,CO 421
2024,48,Kisumu,Muhoroni,10.86,1670,285,59.1,1670,8.68,N14
2024,49,Kakamega,Mumias,11.17,3755,887,86.03,3755,19.53,CO 617
2024,50,Trans-Nzoia,Nzoia,10.51,1486,248,37.89,1486,7.73,N14
2024,51,Narok,Olepito,10.0,156,914,78.59,156,0.81,KENTAN
2024,52,Kericho,Soin,10.0,302,339,47.35,302,1.57,CO 617
2025,1,Migori,South-Kenya,10.0,828,641,60.79,828,4.55,KENTAN
2025,2,Kakamega,Sukari,12.73,372,695,91.37,372,2.05,CO 421
2025,3,Narok,Transmara,13.16,639,244,52.28,639,3.51,CO 617
2025,4,Kakamega,West-Kenya,15.24,4183,431,80.75,4183,23.01,N14
2025,5,Kisumu,Chemelil,11.63,1216,964,41.92,1216,6.69,CO 421
2025,6,Busia,Busia,11.23,219,318,77.96,219,1.2,CO 617
2025,7,Kakamega,Butali,12.42,2016,102,81.49,2016,11.09,KENTAN
2025,8,Kisumu,Kibos,10.7,3288,134,62.01,3288,18.08,KENTAN
2025,9,Narok,Kwale,11.24,1413,110,35.32,1413,7.77,CO 617
2025,10,Kisumu,Muhoroni,11.08,368,381,50.32,368,2.02,CO 421
2025,11,Kakamega,Mumias,15.61,4058,671,73.75,4058,22.32,CO 617
2025,12,Trans-Nzoia,Nzoia,10.76,5713,676,44.83,5713,31.42,CO 421
2025,13,Narok,Olepito,11.65,1285,987,42.42,1285,7.07,N14
2025,14,Kericho,Soin,10.0,2837,763,76.85,2837,15.6,Eldoret 1
2025,15,Migori,South-Kenya,13.8,809,358,49.77,809,4.45,KENTAN
2025,16,Kakamega,Sukari,11.95,1512,414,64.08,1512,8.32,Eldoret 1
2025,17,Narok,Transmara,14.97,970,987,50.2,970,5.33,CO 421
2025,18,Kakamega,West-Kenya,10.6,7441,696,76.43,7441,40.93,CO 421
2025,19,Kisumu,Chemelil,11.95,1795,242,78.13,1795,9.87,KENTAN
2025,20,Busia,Busia,11.95,1237,535,63.61,1237,6.8,CO 617
2025,21,Kakamega,Butali,12.36,11095,701,72.22,11095,61.02,KENTAN
2025,22,Kisumu,Kibos,10.01,9268,610,57.06,9268,50.97,CO 421
2025,23,Narok,Kwale,10.47,1471,166,51.23,1471,8.09,N14
2025,24,Kisumu,Muhoroni,12.19,2305,276,79.41,2305,12.68,Eldoret 1
2025,25,Kakamega,Mumias,12.52,6750,726,74.38,6750,37.12,Eldoret 1
2025,26,Trans-Nzoia,Nzoia,14.0,10210,786,36.82,10210,56.16,CO 421
2025,27,Narok,Olepito,12.23,2288,583,79.9,2288,12.58,CO 617
2025,28,Kericho,Soin,13.27,1799,804,71.11,1799,9.89,N14
2025,29,Migori,South-Kenya,14.61,3351,972,52.86,3351,18.43,N14
2025,30,Kakamega,Sukari,13.4,2840,253,76.09,2840,15.62,CO 421
2025,31,Narok,Transmara,12.9,1283,532,65.95,1283,7.06,CO 421
2025,32,Kakamega,West-Kenya,13.89,5108,441,72.59,5108,28.09,CO 421
2024,32,National,National,,64003,6693,9.56,64003,332.81,
2024,33,National,National,,49036,6873,7.13,49036,254.98,
2024,34,National,National,,50950,8241,6.18,50950,264.92,
2024,35,National,National,,51292,7104,7.22,51292,266.71,
2024,36,National,National,,53638,6309,8.5,53638,278.92,
2024,37,National,National,,54885,8332,6.59,54885,285.41,
2024,38,National,National,,49722,7048,7.05,49722,258.57,
2024,39,National,National,,51324,8032,6.39,51324,266.89,
2024,40,National,National,,55938,8388,6.67,55938,290.86,
2024,41,National,National,,55821,7766,7.19,55821,290.28,
2024,42,National,National,,55629,6919,8.04,55629,289.27,
2024,43,National,National,,54813,7620,7.19,54813,285.03,
2024,44,National,National,,49265,7574,6.5,49265,256.18,
2024,45,National,National,,41077,5343,7.69,41077,213.61,
2024,46,National,National,,49584,7337,6.76,49584,257.83,
2024,47,National,National,,58364,6507,8.97,58364,303.47,
2024,48,National,National,,46540,5822,7.99,46540,242.02,
2024,49,National,National,,27600,7047,3.92,27600,143.52,
2024,50,National,National,,27231,7523,3.62,27231,141.59,
2024,51,National,National,,31514,5555,5.67,31514,163.88,
2024,52,National,National,,25348,7993,3.17,25348,131.83,
2025,1,National,National,,27954,8070,3.46,27954,153.75,
2025,2,National,National,,27456,7986,3.44,27456,151.02,
2025,3,National,National,,26154,6128,4.27,26154,143.83,
2025,4,National,National,,17646,9613,1.84,17646,97.06,
2025,5,National,National,,22286,7735,2.88,22286,122.57,
2025,6,National,National,,22662,7068,3.21,22662,124.65,
2025,7,National,National,,16203,7306,2.22,16203,89.12,
2025,8,National,National,,20519,7843,2.62,20519,112.87,
2025,9,National,National,,26555,7902,3.36,26555,146.05,
2025,10,National,National,,22493,7135,3.15,22493,123.7,
2025,11,National,National,,17344,6332,2.74,17344,95.4,
2025,12,National,National,,22109,6647,3.33,22109,121.6,
2025,13,National,National,,26878,8517,3.16,26878,147.84,
2025,14,National,National,,52858,5973,8.85,52858,290.7,
2025,15,National,National,,57769,8275,6.98,57769,317.72,
2025,16,National,National,,60310,6080,9.92,60310,331.7,
2025,17,National,National,,52505,7781,6.75,52505,288.77,
2025,18,National,National,,50524,7847,6.44,50524,277.89,
2025,19,National,National,,52194,8349,6.25,52194,287.08,
2025,20,National,National,,52716,6905,7.63,52716,289.93,
2025,21,National,National,,48667,9184,5.3,48667,267.67,
2025,22,National,National,,53429,7844,6.81,53429,293.85,
2025,23,National,National,,63373,6764,9.37,63373,348.56,
2025,24,National,National,,62471,8192,7.63,62471,343.58,
2025,25,National,National,,48038,7536,6.37,48038,264.21,
2025,26,National,National,,59901,8512,7.04,59901,329.46,
2025,27,National,National,,50361,9551,5.27,50361,276.97,
2025,28,National,National,,46259,6345,7.29,46259,254.41,
2025,29,National,National,,59891,9296,6.44,59891,329.4,
2025,30,National,National,,57536,6232,9.23,57536,316.45,
2025,31,National,National,,54504,8058,6.76,54504,299.77,
2025,32,National,National,,60254,5467,11.02,60254,331.4,
